1,raul,111,222,333,,,raul@test.test,,,,,
11,pablo,777777777,88888888888,,,,asdasfj@adjas.com,asdbasjd@gmail.com,,,,
3,obiwan,234567891,,,,,obiwan@cpp.edu,,,,,
4,sheev,345678912,,,,,sheev@cpp.edu,,,,,
5,padme,456789123,,,,,padme@cpp.edu,,,,,
6,organa,567891234,12511,,,,organa@cpp.edu,,,,,
7,ashoka,678912345,,,,,ashoka@cpp.edu,,,,,
8,yoda,789123456,122251,4845415,,,yoda@cpp.edu,,,,,
9,mace,891234567,,,,,mace@cpp.edu,asdad@asdasd,,,,
10,tarkin,912345678,,,,,tarkin@cpp.edu,asda@asdasd,,,,
